word,count
코로나,4023
극복,361
진자,335
지원,296
치료,280
개발,187
사망,179
대응,163
신규,155
확진,141
미국,134
사망자,131
추가,125
한국,124
위기,123
속보,121
확산,120
여파,114
정부,114
피해,107
위해,106
진단,101
국내,100
성금,96
격리,94
총선,94
백신,91
긴급,89
발생,86
방역,85
지역,85
기탁,84
추진,83
해외,83
대통령,81
대웅,81
감염,79
파스퇴르,77
키트,73
세계,73
검사,69
준비,68
기부,68
의료,68
환자,67
경북,65
연구소,64
마스크,64
서성원,64
목표,63
경제,62
딕훼,61
밀리,61
대구,59
완치,59
하루,59
시장,58
제공,57
은행,57
증가,57
그룹,57
바이오,57
이후,55
예방,55
확대,54
포스트,54
자가,53
수출,53
전달,53
시약,53
온라인,53
특별,51
시설,51
대출,51
돕기,49
사태,48
농협,48
고용,47
종합,47
취약,46
기업,46
일본,46
공급,46
유입,45
병원,45
계약,45
원단,45
관련,44
중국,44
사회,43
경험,42
현황,42
회의,41
대책,40
투표,40
총리,40
블루,39
점검,39
감소,39
어제,39
협력,38
뉴욕,38
천명,38
입국,38
승인,38
사업,37
신속,37
센터,37
분기,37
이상,37
기회,36
이드,36
안전,36
강화,35
동참,35
국산,35
실적,35
사마,35
영향,34
방지,34
공인,34
누적,34
캠페인,34
직접,34
니아,34
내년,34
중단,33
억원,33
계층,33
시대,33
우려,33
최악,33
글로벌,32
오늘,32
국제,32
상승,32
항체,31
진행,31
유럽,31
전망,31
핵산,31
채용,30
생활,30
공단,30
만원,30
농가,30
경기도,30
가능,30
추출,30
급등,30
농어촌,30
물품,29
대상,29
규모,29
투자,29
바이러스,29
급증,29
판매,29
운영,28
정점,28
매출,28
서울,28
결혼,28
공유,28
배달,28
구충제,28
장기,27
소상,27
포토,27
소식,27
논의,27
주재,27
특징,27
출시,27
정선,27
산업,26
재개,26
거리,26
원금,26
트럼프,26
이슈,25
사용,25
브리핑,25
재확진,25
업계,25
뉴욕주,25
행사,25
예천,25
아세안,25
착수,25
성인,25
최대,24
활동,24
교육,24
인천,24
농산물,24
두기,24
브라질,24
영국,24
화상회의,24
임상시험,24
신청,24
적극,24
단체,24
병사,24
계좌,24
연기,23
뉴스,23
명대,23
실시,23
정상,23
상공,23
발견,22
육박,22
재양,22
가족,22
행정,22
먼저,22
체육회,22
사랑,22
진공,22
후보,21
경남,21
항모,21
대처,21
직원,21
판정,21
러시아,21
생계,21
절반,21
이틀,21
위일청,21
공식,21
급여,20
안정,20
연장,20
장관,20
비상,20
돌파,20
정책,20
하락,20
인도,20
집단,20
아마존,20
인기,20
관리,20
전세계,20
혈장,20
타액,20
삼성,20
애도,20
킴스클럽,20
연하,20
사업가,20
마련,19
모금,19
루스벨트,19
음성,19
퇴원,19
학교,19
공장,19
생활비,19
주목,19
인증,19
개월,19
증권,19
감사,19
강세,19
수도권,19
근무,19
소유진,19
발표,18
대비,18
쇼크,18
지급,18
리포트,18
축소,18
제한,18
달러,18
모두,18
시작,18
엿새,18
관심,18
년대,18
영업,17
스페인,17
경기,17
선거,17
이탈리아,17
가동,17
서비스,17
요청,17
현장,17
인력,17
스타,17
수입,17
주가,17
부산,17
재난,17
전국,17
정세균,17
동아오츠카,17
정권,17
부광약품,17
의약품,17
회복,16
피싱,16
해제,16
일자리,16
재산,16
봉쇄,16
제주,16
지사,16
민주당,16
최고,16
실업,16
서울시,16
소비,16
투입,16
차질,16
화상,16
전환,16
부담,16
국민,16
토네이도,16
남녀,16
생산,16
협의,16
본부,16
봉사,16
예상,16
희망,16
아동,16
김종인,16
연속,16
만장,16
가장,15
메일,15
확인,15
자동차,15
가능성,15
급식,15
조치,15
제작,15
개최,15
싱가포르,15
완화,15
타운스,15
전문가,15
면제,15
스포츠,15
상품,15
타격,15
계획,15
체육,15
진흥,15
밴드,15
드러머,15
안철수,15
결혼식,15
업체,14
정보,14
금융,14
영상,14
보건,14
설치,14
공무원,14
변화,14
취소,14
참여,14
성장,14
노인,14
위원회,14
유가,14
항공,14
희비,14
전문,14
나눔,14
상보,14
사진기,14
세종시,14
체결,14
프레,14
웨이,14
기준,14
조기,14
멕시코,14
남동구,14
의왕시,14
하반기,14
육군,14
축제,13
연구,13
물질,13
능력,13
가정,13
진정,13
달라,13
평가,13
후원,13
사진,13
충격,13
현대차,13
파우치,13
유지,13
올해,13
전자,13
부진,13
제일,13
주춤,13
북한,13
도입,13
기금,13
산시,13
소독,13
대본,13
악성,13
인포섹,13
질서,13
운동,12
전략,12
승조,12
기술,12
미만,12
당국,12
시행,12
소득,12
전파,12
차단,12
최소,12
진주시,12
릴레이,12
방안,12
렘데,12
시비르,12
취업,12
집콕,12
의사,12
스루,12
건강,12
국가,12
시간,12
수혜,12
펀드,12
광고,12
도움,12
배우,12
탄력,12
현실,11
경영,11
팬데믹,11
본격,11
총력,11
청년,11
교회,11
일손,11
억제,11
경찰,11
영웅,11
위험,11
의협,11
온정,11
문화,11
사례,11
여명,11
와중,11
울산,11
종식,11
주식,11
심리,11
전수,11
효과,11
청소년,11
중소기업,11
논란,11
복지,11
안심,11
경고,11
공동,11
관광업,11
드로그바,11
어린이,11
광주,11
최초,11
위협,11
플랫폼,10
반납,10
공개,10
하나,10
기간,10
어려움,10
급감,10
보호,10
칼럼,10
임대료,10
군민,10
주간,10
시민,10
옥천군,10
지속,10
주민,10
원격,10
자릿수,10
아프리카,10
자금,10
통합,10
눈길,10
이유,10
양성,10
조사,10
투병,10
면역,10
귀국,10
국표,10
풍경,10
시즌,10
나라,10
필요,10
남부,10
상반기,10
신종,10
장비,10
메르스,10
아파트,10
이번,10
전원,10
비대,10
대전,10
하향,10
오픈마켓,10
유니세프,10
국내외,10
출신,10
중앙,10
접수,10
베트남,10
씨젠,10
해법,10
돌이,10
이랜드리테일,10
밀양시,10
블룸버그,10
중소,10
뮤지컬,10
학습,10
충남,10
금산군,10
양평군,10
평택,10
메시지,9
대란,9
해고,9
수원,9
선수단,9
장애인,9
인하,9
푸틴,9
괴산군,9
남성,9
예정,9
환경,9
우한,9
유엔,9
개선,9
농업,9
여성,9
때문,9
교민,9
돌입,9
동물실험,9
시각,9
매입,9
마음,9
상황,9
둔화,9
시동,9
명총,9
악화,9
이하,9
업무,9
홈테인먼트,9
피플,9
옥션,9
전남,9
연합,9
전력,9
돌연변이,9
문재인,9
구청,9
재규어,9
랜드로버,9
안면,9
보호대,9
새마을,9
여당,9
점심,9
춘천,9
진입,9
연내,9
출연,8
예산,8
수업,8
현대,8
이용,8
아베,8
침체,8
일상,8
공포,8
인터뷰,8
코로나바이러스,8
집행,8
응원,8
규제,8
디지털,8
수도,8
개국,8
한시,8
각국,8
재단,8
워드,8
노동자,8
경제위기,8
위생,8
게임,8
역대,8
간소화,8
일부,8
다소,8
기대,8
저녁,8
수요,8
입원,8
증시,8
현재,8
아래,8
셧다운,8
하동군,8
구호,8
세종,8
결제,8
전시,8
이해찬,8
개학,8
축구,8
기아차,8
그래픽,8
급상승,8
친환경,8
별세,8
도약,8
천안시,8
교육청,8
디스플레이,8
소문,8
공격,8
허가,8
예천군,8
제로,8
여개,8
안산시,8
적용,8
대신,8
직거래,8
입장,8
완전,8
생략,8
종사,8
성분,8
공주시,8
모로코,8
내일,8
한파,7
타이어,7
가지,7
편성,7
구직,7
활용,7
호서,7
판로,7
회장,7
독일,7
프랑스,7
외국인,7
보조금,7
일일,7
기록,7
예수,7
관내,7
발행,7
삼척시,7
월일,7
우리,7
유권자,7
대감,7
대웅제약,7
포인트,7
위축,7
드록바,7
미국인,7
일정,7
껑충,7
일간,7
여행,7
지침,7
의계,7
골프,7
노력,7
증세,7
회사채,7
경산,7
거주,7
협회,7
훈련,7
드라이브,7
불황,7
강타,7
결정,7
위반,7
구축,7
경감,7
청담러닝,7
골프장,7
해운대구,7
우수,7
유통업,7
휴장,7
비공개,7
명예,7
융자,7
확약,7
리스크,7
번가,7
재확,7
재무,7
전기,7
체계,7
기관,7
신고,7
지노,7
고객,7
당선,7
세미나,7
치명,7
보령시,7
티몬,7
상상,7
영동군,7
전면,7
완도군,7
교구,7
재비,7
영동,7
무료,7
콘텐츠,7
공주,7
페이,7
혜택,7
미군,7
개월내,7
코로,6
나발,6
단독,6
기지,6
통제,6
시청,6
대규모,6
유행,6
대형,6
등록,6
대구시,6
조정,6
건설,6
유흥업소,6
명확,6
원주민,6
프로젝트,6
국채,6
국립,6
오산,6
속출,6
정치,6
확보,6
재편,6
우울,6
한마음,6
더욱,6
도달,6
유통,6
넷플릭스,6
의회,6
재택근무,6
파산,6
기계,6
헌혈,6
방식,6
음악,6
정상화,6
명명,6
쿠폰,6
지금,6
모친,6
활짝,6
경쟁,6
박능후,6
역할,6
물가,6
푸드,6
목포시,6
생존,6
제약,6
국경,6
동선,6
통화,6
절대,6
전화,6
태국,6
요양,6
지도,6
의정부,6
반영,6
공조,6
구성,6
금지,6
보험,6
조국,6
스마트폰,6
정리,6
특산,6
대선,6
정체,6
공채,6
근접,6
먹구름,6
에콰도르,6
시신,6
수습,6
불가피,6
무역,6
엔지니어링,6
불시,6
패션,6
자회사,6
마지막,6
영덕군,6
수여,6
손실,6
여부,6
가희,6
부부,6
한수원,6
발언,6
카메라,6
문경,6
프리랜서,6
민원,6
세심,6
방문,6
남동,6
꾸러미,6
아시아,6
용인시,6
코리아,6
외교,6
출장,6
국난,6
일로,6
임차료,6
중순,6
아이스팩,6
감염증,6
아이,6
모델,6
처방,6
대학,6
명검,6
상용,6
중남미,6
이천시,6
접촉,6
어린이집,6
통큰,6
워킹,6
공사,6
관광,6
구진,6
주의,5
실내,5
셀트리온,5
원주,5
추경,5
철원,5
근로자,5
놀이,5
노하우,5
투명,5
제자,5
임금,5
개인,5
보건소,5
만전,5
출구,5
외환,5
신소율,5
김지철,5
환영,5
부동산,5
식당,5
한인,5
사실,5
선언,5
전해,5
대폭,5
자체,5
스타트업,5
신천지,5
경제활동,5
구매,5
인정,5
공연,5
이동,5
실험,5
복지부,5
최대한,5
결의,5
참석,5
시국,5
중요성,5
가시,5
은행권,5
물체,5
표면,5
안정화,5
계속,5
조세,5
무급,5
휴직,5
채권,5
선수,5
가속,5
커피,5
자택,5
추이,5
악재,5
검진,5
모바일,5
진료,5
안내,5
자연,5
직격탄,5
향후,5
집계,5
신약,5
누구,5
에스,5
가구,5
성명,5
파라다이스,5
집콕족,5
방치,5
종목,5
촉진,5
합천,5
청년회,5
가축,5
실천,5
해수부,5
경질,5
청소기,5
카페,5
과학자,5
더벨,5
반드시,5
영양군,5
김해시,5
진시,5
불확실,5
언택트,5
터키,5
트리,5
중대,5
국제적십자,5
한화,5
다문화,5
마크,5
역성,5
영진위,5
소개,5
천만원,5
근본,5
제시,5
청와대,5
제주도,5
코스피,5
수원시,5
피씨,5
제주시,5
만수동,5
유명,5
열한,5
나흘,5
리그,5
앞장,5
실종,5
주문,5
주요,5
이자,5
고양시,5
이용자,5
금산,5
프로,5
제청,5
결과,5
무상,5
이화여대,5
장학금,5
비만,5
일반,5
보육,5
책임,5
강사,5
간이,5
세면기,5
배나무,5
과수,5
쾌척,5
안팎,5
전날,5
전개,5
추정,5
범죄,5
지부,5
총장,5
통영,5
질병,5
학업,5
부여군,5
천안,5
문체부,5
발전,5
신한은행,5
미군기지,5
무관,5
간식,5
다짐,5
평택시,5
경주,5
변종,5
마라톤,5
영광군,5
심각,5
순천시,5
호주,5
주권,5
운송,4
실업자,4
행크스,4
사천시,4
완료,4
차이나,4
유학생,4
파크,4
노멀,4
리더십,4
부족,4
식약처,4
개미,4
선정,4
고삐,4
학원,4
미래,4
대한,4
전남도,4
크게,4
불구,4
버스,4
방송,4
노동,4
군포시,4
힐링,4
인간,4
지방,4
여전,4
보유,4
시사,4
합동,4
부락,4
이웃,4
부활절,4
주시,4
당국자,4
치유,4
영암군,4
성공,4
구조조정,4
의도,4
필터,4
주일,4
소속,4
언제,4
광주시,4
국장,4
제출,4
육성,4
해킹,4
불안감,4
상품권,4
처음,4
속도,4
불법,4
면세점,4
적자,4
폭풍,4
실제,4
금리,4
반등,4
서초,4
교수,4
기고,4
다우,4
원정,4
코트디부아르,4
개방,4
회사,4
최저,4
어머니,4
자료,4
차별,4
조성진,4
기피,4
중심,4
외신,4
톡톡,4
두산,4
퇴치,4
시스템,4
전쟁,4
유튜브,4
교류,4
국제사회,4
성모,4
포커스,4
눈앞,4
발병,4
제안,4
감염병,4
쿠오모,4
스톱,4
집중,4
구로구,4
패스트,4
트랙,4
대표,4
강경화,4
절차,4
변수,4
의지,4
과야킬,4
공공기관,4
민간,4
콜센터,4
합천군,4
경찰관,4
부인,4
폭발,4
막판,4
약국,4
동부,4
서도,4
국면,4
자수,4
국무총리,4
달성,4
개도국,4
긴장,4
면역성,4
에너지,4
분석,4
경주시,4
이익,4
상생,4
예산군,4
조명,4
유진,4
생계비,4
반도체,4
총재,4
최선,4
촉구,4
믹스,4
마중,4
국회,4
완성,4
쇼핑,4
용도,4
공주대,4
상승세,4
축산물,4
수젠텍,4
재사용,4
강도,4
어르신,4
세상,4
설명,4
서구,4
지도자,4
영화제,4
분위기,4
수순,4
무증상,4
회원,4
무엇,4
선생님,4
차원,4
텔콘,4
파미셀,4
통해,4
바로,4
재학생,4
동전,4
양면,4
다이어트,4
아내,4
펩트론,4
가짜,4
디엔에이,4
링크,4
로슈,4
요구,4
햇살,4
채무,4
믹트,4
충북,4
이상경,4
예식,4
대면,4
달새,4
임박,4
협약,4
손월,4
군산,4
소통,4
미래엔,4
무제,4
광명시,4
선물,4
안트로젠,4
코미,4
중인,4
수치,4
안성시,4
노동조합,4
므누신,4
충주,4
호소,4
용주면,4
병조,4
생일,4
공백,4
통일부,4
발판,4
재외국민,4
기구,4
울릉도,3
오징어,3
잠정,3
이재용,3
리더,3
보고,3
감축,3
극장,3
신문,3
코이카,3
춘천시,3
고비,3
인제,3
인제군,3
보고서,3
강릉,3
테마,3
레저,3
출입,3
칸막이,3
그림,3
건축,3
실리콘밸리,3
항공모함,3
해군,3
택배,3
언론,3
프로그램,3
시유,3
과장,3
배부,3
휴업,3
심사평가원,3
필요성,3
의혹,3
술판,3
예술,3
한라,3
단양군,3
현지,3
보은군,3
해명,3
건의,3
자원봉사,3
신안,3
사각,3
지대,3
해소,3
헬스,3
도전,3
이전,3
점진,3
식목,3
자매도시,3
고통,3
단축,3
생각,3
인사,3
금액,3
일단,3
발원,3
기원,3
진명,3
백악관,3
막말,3
거의,3
질환,3
캠프,3
로봇,3
사상,3
점포,3
금값,3
군청,3
노사,3
체크,3
굿모닝,3
연대,3
출근길,3
판단,3
검토,3
편의점,3
방심,3
역학,3
비결,3
조원,3
세대,3
연구원,3
자세,3
위원,3
취객,3
도내,3
분양,3
자신,3
자막,3
뉴딜,3
마감,3
카드,3
현금,3
도산,3
토마토,3
수당,3
가치,3
해운업,3
금감원,3
우리금융,3
위독,3
기자,3
추천,3
운명,3
애플,3
나스닥,3
뉴욕증시,3
누가,3
학회,3
인도네시아,3
천백,3
고민,3
자산,3
사고,3
민낯,3
불안,3
남자,3
문제,3
양말,3
부서,3
비닐,3
장갑,3
미셸,3
포커,3
앤서니,3
찾기,3
도시,3
포스코,3
사주,3
올림픽,3
특수,3
신분증,3
도장,3
발코니,3
목숨,3
관계,3
부각,3
보도,3
천억,3
국비,3
중요,3
오후,3
전용,3
광역시,3
도미니카공화국,3
중공업,3
협조,3
증거,3
시로,3
부안군,3
매력,3
처벌,3
재검사,3
청정,3
수산물,3
수준,3
부품,3
절벽,3
권고,3
라이브,3
방법,3
절실,3
단계,3
불가능,3
스트레스,3
의소,3
다중,3
대장,3
교보,3
어린이날,3
교육지원청,3
대한민국,3
미술관,3
악용,3
뷰티,3
손길,3
어디,3
대체,3
협업,3
인니,3
슈퍼마켓,3
선두,3
영화,3
한미,3
물결,3
청송,3
농업인,3
아산,3
실정,3
상담,3
법인,3
연맹,3
변경,3
기도,3
담당,3
면책,3
월드,3
걱정,3
파격,3
혁파,3
불감증,3
봇물,3
스프레이,3
워크스루,3
브랜드,3
홍콩,3
구단,3
연고,3
앵커,3
예측,3
용량,3
티브로드,3
캠퍼스,3
논산,3
유아,3
출발,3
씨앗,3
손소독제,3
고심,3
스케,3
증액,3
모니터링,3
파악,3
박차,3
음료,3
의림지,3
근황,3
개시,3
소매,3
존스홉킨스대,3
다수,3
노트북,3
파워,3
경륜,3
경정,3
도박,3
사이트,3
성행,3
논평,3
정국,3
존슨,3
스승,3
일시,3
강동,3
완판,3
일산동구,3
임산부,3
대리,3
경보,3
용품,3
편지,3
판촉,3
건수,3
게이츠,3
지정,3
고갈,3
중간,3
동남아,3
강원,3
대외,3
접근,3
차지,3
할인,3
부회장,3
해설,3
제넨텍,3
실직,3
강조,3
성북구,3
데이트,3
폭력,3
청산면,3
연예인,3
평균,3
낙폭,3
우울함,3
문서,3
개장,3
시도,3
현수막,3
간호사,3
리우,3
변신,3
경상대,3
열매,3
냉각,3
교제,3
관광지,3
보건복지부,3
가맹,3
개막,3
한계,3
투표소,3
영근,3
농촌,3
무슨,3
공립,3
소진,3
보사,3
군내,3
폐쇄,3
배냇,3
배치,3
독려,3
일동,3
서천,3
펜스,3
공동체,3
자카르타,3
사무소,3
거품,3
슈퍼,3
종업원,3
솔루션,3
대만,3
동작구,3
흑석동,3
영유,3
오전,3
철저,3
임시,3
전세기,3
격동,3
시기,3
태양절,3
요양원,3
김일성,3
가림,3
준수,3
교사,3
인스타,3
수감자,3
석방,3
한신,3
사회보장,3
정현,3
광양시,3
홍역,3
예방접종,3
노조,3
칵테일,3
스마트,3
적발,3
보라,3
솔젠트,3
사람,2
공기업,2
보수,2
페이크,2
트렌드,2
중화,2
철강,2
충무로,2
동아시아,2
시급,2
직격타,2
등교,2
병행,2
남북극,2
외부,2
기독,2
예배당,2
의자,2
감탄,2
아야,2
수출입,2
특파원,2
우울증,2
허용,2
조언,2
진실,2
시흥시,2
무덤,2
테마주,2
벚꽃,2
건보,2
봉기,2
외교부,2
한국인,2
원자력,2
달러화,2
임대,2
재산세,2
지시,2
남아공,2
만천,2
정례,2
미술,2
잡지,2
고사,2
광장,2
이재근,2
귀환,2
샤를,2
드골,2
사이버대,2
지구,2
키드,2
달달,2
찍기,2
주서,2
재즈,2
페스티벌,2
업자,2
동결,2
기승,2
타운,2
물류,2
관건,2
멤버,2
마을,2
대운산,2
산청군,2
폭주,2
어가,2
베테,2
월급,2
심사,2
하이파이브,2
야구장,2
필립모리스,2
기아,2
강력,2
활성탄,2
원료,2
자기,2
나선,2
줄줄이,2
등장,2
사설,2
대기업,2
대학교,2
가계,2
의령군,2
중증,2
추가경정예산,2
쓰나미,2
주의보,2
딜리,2
다시,2
삼척,2
식품,2
영월군,2
오른,2
유세,2
팩트,2
청구,2
삭감,2
정황,2
품질,2
항공사,2
가격,2
착용,2
벼랑,2
추경예산안,2
파트너,2
간편,2
교황,2
화로,2
가정폭력,2
희생,2
말디니,2
피어,2
확충,2
서정진,2
강남,2
대학원,2
취재,2
금융시장,2
벌금,2
구상,2
개혁,2
해운,2
첼시,2
레전드,2
선행,2
바닥,2
연일,2
매각,2
정신의학,2
동정,2
도쿄도,2
거래,2
급락,2
레드,2
전후,2
최우수,2
지멘스,2
인체,2
대회,2
안방,2
해빙,2
무드,2
디자인,2
특허,2
연락,2
타임머신,2
수첩,2
부작용,2
지지,2
허위,2
진술,2
기존,2
위로,2
구글,2
가상,2
전염병,2
불가,2
지연,2
투어,2
종부세,2
수송,2
디즈니월드,2
군위군,2
산림조합,2
아침,2
블랙박스,2
수익률,2
대로,2
물량,2
자금동,2
동료,2
체외,2
의료기기,2
변동,2
고향,2
희박,2
남양주시,2
각심,2
반응,2
군수,2
강원도,2
런던,2
김천시,2
곡선,2
보증,2
까닭,2
남미,2
소득세,2
전형,2
화월,2
골퍼,2
자선,2
출전,2
개인정보,2
변호사,2
얼마나,2
기지역,2
데이터,2
혁신,2
결방,2
폐기물,2
목적,2
호평,2
유산,2
금물,2
명선,2
원칙,2
심평원,2
장기전,2
묵인,2
프로모션,2
홈페이지,2
최근,2
기소,2
지면,2
지주,2
로보틱스,2
불교,2
현역,2
군인,2
두번째,2
세월호,2
외출,2
배당,2
음악회,2
정도,2
혈액암,2
퀸스,2
부상,2
가공,2
이기자,2
도공,2
먹거리,2
세트,2
가전,2
제조업,2
연예계,2
문화재단,2
단기간,2
클릭,2
각자,2
성적,2
동향,2
자형,2
이야기,2
한눈,2
사수,2
총력전,2
비중,2
농어,2
제어,2
마무리,2
효성,2
진주,2
도로공사,2
조성,2
에이,2
엔씨,2
이응노,2
신인,2
작가,2
해외진출,2
기반,2
검체,2
단속,2
경쟁력,2
신한,2
조리법,2
빈부격차,2
노래,2
화제,2
사전,2
업종,2
아일랜드,2
사용자,2
서부,2
수익,2
임무,2
유공,2
아산시,2
채택,2
무기력증,2
카카오,2
제조업체,2
취약성,2
풍속,2
차관,2
함장,2
과반,2
언급,2
반토막,2
수주,2
코웰,2
텔레콤,2
중립,2
대량,2
선택,2
국토부,2
근로,2
발열,2
기획전,2
비앤티,2
담보,2
생협,2
양키스,2
본회의,2
공항,2
단가,2
인스타그램,2
끝장,2
다음,2
원형,2
그라피티,2
행상,2
아들,2
몸살,2
년비,2
건기,2
채널,2
반성,2
사과,2
은평구,2
콜마,2
임성재,2
사업자,2
매수,2
브릿지,2
여자,2
아미,2
코젠,2
정처,2
구미시,2
유치원,2
박스,2
고성소,2
방서,2
난항,2
청주시,2
계룡시,2
방콕,2
구미,2
존스홉킨스,2
실수,2
진짜,2
복위,2
인턴,2
지점,2
위원장,2
태안군,2
성자,2
복병,2
이모티콘,2
마케팅,2
항년,2
시스,2
장보기,2
급성,2
격감,2
참사,2
린드블럼,2
타인,2
기독교,2
상당,2
용인,2
살균,2
소독제,2
유네스코,2
가도,2
분야,2
이중,2
삐걱,2
이낙연,2
불만족,2
압력,2
뉴스룸,2
공기,2
부합,2
부채,2
탕감,2
탐지,2
복지관,2
나이키,2
강행,2
반사,2
대입,2
탄핵,2
소송비용,2
전설,2
활성화,2
모든,2
회안,2
보강,2
구도,2
김현정,2
뉴스쇼,2
진인,2
사장,2
정지,2
대작,2
보합,2
포드,2
도봉구,2
상추,2
재배,2
치매,2
도모,2
억압,2
번진,2
일만,2
비용,2
파일,2
소방관,2
주도,2
전일,2
홈쿠킹홈,2
소송,2
달성군,2
자원봉사자,2
디앤알,2
명역,2
강의,2
간다,2
세로,2
전과,2
탈출,2
포카리스웨트,2
가기,2
탄화,2
혼밥,2
호텔,2
음식,2
핫스폿,2
어치,2
소신,2
권리,2
왕좌,2
투데이,2
잠재,2
명령,2
유도,2
범용,2
변이체,2
산소,2
경찰서,2
긍정,2
고려,2
동물원,2
블록,2
체인,2
발급,2
진의,2
광양제철소,2
감산,2
충청남도,2
거짓말,2
제임스,2
수어,2
사이드,2
대미,2
강절도,2
단양,2
매포읍,2
한국어,2
교실,2
명완,2
치자,2
서귀포,2
개강,2
배꽃,2
해피,2
끼리,2
감지,2
연말,2
인사이트,2
교통사고,2
포함,2
구장,2
노총,2
동시,2
게시,2
이민자,2
그리스도,2
로컬,2
의용소방대,2
클럽,2
천십만원,2
절박,2
육아,2
일양약품,2
재정,2
시험,2
동구,2
익명,2
천사,2
국토,2
종주,2
명중,2
교직원,2
우리나라,2
보완,2
숫자,2
칸국제영화제,2
관계자,2
승리,2
세무사회,2
남구청,2
프로야구,2
신화,2
오산시,2
동안,2
셀럽,2
베개,2
웃음,2
지옥,2
여섯,2
확진총,2
코스,2
세관,2
무허가,2
제조,2
몰수,2
예지,2
산본,2
세린,2
보호복,2
분리,2
메타,2
순환,2
당진시,2
민생,2
동고동락,2
최중경,2
의존,2
동거,2
경로,2
전남도청,2
약사,2
방랑자,2
장항,2
레보,2
비르,2
클레,2
은향회,2
통장,2
도생,2
부통령,2
장치,2
관제,2
명사회,2
서귀포시,2
화훼농,2
노미,2
제인,2
근거,2
민주,2
시립,2
우륵,2
국악,2
소태면,2
이장,2
필리핀,2
학생,2
테크노,2
폼페이,2
토론,2
어업,2
행복,2
소방,2
시중,2
국책,2
스타트,2
비타민,2
횡성군,2
정서,2
각계,2
과학,2
석유,2
추락,2
당부,2
소감,2
예비신랑,2
티스,2
평생,2
수시,2
의심,2
배제,2
연천군,2
미산면,2
동작,2
이천,2
출범,2
요식업,2
수수료,2
수용,2
세리에,2
은월,2
생명수,2
바둑돌,2
마우스,2
기사,2
앞서,2
표준,2
오픈,2
에이즈,2
음모론,2
유포,2
배후,2
원일,2
여가,2
박사,2
보드,2
정보원,2
후생,2
포천시,2
선배,2
분담,2
홈피,2
소방본부,2
도민,2
아르헨,2
축구장,2
병상,2
아르헨티나,2
성지순례,2
선관위,2
재활,2
테이블,2
세팅,2
유종,2
헛수,2
송탄,2
평애,2
미화,2
송탄출장소,2
신장동,2
총명,2
공공,2
파괴,2
미사,2
쿠팡,2
예고,2
전담,2
용어,2
동학,2
성큼,2
상점,2
보급,2
가수,2
영장류,2
유승민,2
경제대공황,2
정의,2
계기,2
국회의원,2
대피,2
창구,2
천백만,2
소원,2
종이,2
차이,2
패키지,2
도착,2
직업,2
항역,2
공직,2
남구,2
영남,2
공대,2
전북도,2
잠시,2
안녕,2
손태,2
미리,2
미래에셋,2
정의선,1
학술,1
인원,1
도철,1
밥통,1
로만,1
대열,1
합류,1
유력,1
도메인,1
라이프,1
민관,1
똘똘,1
호스트,1
마블,1
히어로,1
보릿고개,1
유형,1
이미경,1
이사장,1
착륙,1
철원군,1
낙인,1
발길,1
초순,1
본질,1
성숙,1
분식집,1
음료수,1
손편지,1
향기,1
보호무역,1
상균,1
상지,1
부산시,1
패권,1
시어도어,1
마켓,1
컬리,1
생화,1
보드카,1
농도,1
알코올,1
최준호,1
사이언스,1
미래학자,1
제기,1
농사,1
조계종,1
홍콩과기대,1
원천,1
부정,1
의견,1
지지율,1
명월,1
목포,1
과대,1
파의,1
통행,1
손목,1
죈다,1
속초,1
송파구,1
자발,1
수력,1
납품,1
남정호,1
시시각각,1
일인,1
숨통,1
최훈,1
양주시,1
대한의사협회,1
추도,1
표명,1
느슨,1
사전검열,1
도일,1
이나연,1
지하상가,1
일초,1
미끄럼틀,1
작년,1
데코,1
이브,1
종교시설,1
바르게,1
살기,1
유치,1
신단양,1
금품,1
신입학,1
납득,1
철도,1
포항시,1
북부,1
보은읍,1
치위,1
흑산도,1
홍어,1
애프터,1
콘서트,1
한준,1
의장,1
기해,1
강남구,1
연예,1
기획사,1
아이돌,1
크런치,1
키즈,1
공원,1
소녀,1
우선,1
세수,1
민경,1
토요일,1
재판,1
폭증총,1
클롭,1
글리,1
파티,1
올가을,1
육하원칙,1
어명,1
친구,1
거물,1
스탠리,1
체라,1
함양,1
개평,1
만월,1
부활,1
기쁨,1
절도,1
도난,1
인근,1
도미노피자,1
보람,1
오피스,1
리테일,1
지고,1
냉동,1
창고,1
복귀,1
해시태그,1
토미카,1
유타,1
파나틱스,1
상륙,1
소년,1
북구,1
사법입법,1
응급대원,1
현상,1
인민,1
배려,1
한몫,1
퇴장,1
교도소,1
폭동,1
탈옥,1
종류,1
깜깜,1
부엌,1
착시,1
정연욱,1
최종,1
잡고,1
맨해튼,1
조형,1
피난,1
교포,1
침대,1
불평,1
동북공정,1
태극기,1
출동,1
모자라,1
퇴각,1
태평양,1
춘추전국시대,1
만물상,1
원스톱,1
여론조사,1
휴무,1
뒷전,1
보호자,1
미국증시,1
월트디즈니,1
보안,1
당분간,1
아웃,1
논문,1
검열,1
배민,1
서빙,1
플레이,1
배상하,1
폐업,1
세무,1
상금,1
각종,1
낙관,1
공중위생,1
여유,1
이부프로펜,1
묘안,1
노컷,1
김호기,1
시험대,1
개인주의,1
공존,1
좌석,1
안간힘,1
앨범,1
두아,1
리파,1
솔솔,1
파인더,1
의학,1
훼손,1
사내,1
유보,1
금도,1
부양책,1
안전지대,1
장벽,1
아시아나,1
항공도,1
돈줄,1
리뷰,1
박타,1
라만,1
울면,1
페루,1
후유증,1
고백,1
격증,1
강북,1
요원,1
지구촌,1
관가,1
적금,1
충격파,1
파리,1
청장,1
앤소니,1
분도,1
순의,1
존재,1
시론,1
김현욱,1
또한,1
웃어요,1
경성,1
윤재현,1
사무,1
씨줄,1
날줄,1
성적표,1
이지운,1
논설,1
드레스,1
쓰레기,1
신차,1
제네시스,1
등판,1
에필로그,1
임팩트,1
자재,1
일리,1
선진국,1
김원,1
의원,1
본인,1
물동량,1
동맹,1
운항,1
쿠퍼,1
해선,1
명종,1
카운티,1
무적,1
속사정,1
맘스,1
터치,1
도시재생,1
지수,1
리기,1
딸기,1
고추,1
신의,1
한수,1
하늘,1
극동,1
상장폐지,1
코앞,1
리나,1
구석,1
랜서,1
길거리,1
사가,1
장례식,1
대공황,1
비밀,1
부실,1
건재,1
부장,1
발상,1
로자,1
감형,1
성범죄,1
피아니스트,1
전월,1
답지,1
벨기에,1
불투명,1
천문학,1
개입,1
신임,1
색깔,1
무조건,1
신드롬,1
한숨,1
건전성,1
새해,1
대조,1
음원,1
바이브,1
김어준,1
웨비,1
쇄도,1
랭킹,1
대상자,1
광시,1
의과대학,1
부속,1
네팔,1
이라크,1
구제,1
팀버,1
울브스,1
모친상,1
타계,1
가치주,1
장주,1
대부분,1
어닝,1
계심,1
주해나,1
앤디,1
랭곤,1
이승현,1
강승화,1
아나운서,1
생방송,1
딜레마,1
충돌,1
보장,1
호국원,1
참배,1
카톡,1
문제점,1
투영,1
격려,1
만도,1
어색,1
심혜진,1
박수홍,1
오정연,1
권혁수,1
홍석,1
반발,1
활약,1
중요도,1
큰일,1
매월,1
미디어,1
지각,1
중난,1
패턴,1
사유,1
선기,1
칠곡,1
지상,1
토론회,1
시사회,1
전혀,1
원주시,1
원주의료원,1
이송,1
전화영,1
파이썬,1
취미,1
클라스,1
진각,1
국기,1
종심,1
제적,1
격심,1
이행,1
케미칼,1
모터사이클,1
챔피언,1
스릴,1
만점,1
이모저모,1
연구자,1
발의,1
직장,1
종근당,1
음주,1
회식,1
이진우,1
아하,1
해약,1
화생,1
우린,1
증명,1
무대,1
후베이,1
쑹쯔시,1
서기,1
표심,1
커뮤니티,1
케어,1
트랜,1
혼돈,1
축적,1
방송사,1
대안,1
김화,1
자본주의,1
악몽,1
이뮨메드,1
신체,1
접경,1
부흥,1
무형,1
달래,1
예전,1
푸르덴셜생명,1
인수,1
사모펀드,1
교훈,1
격진,1
조심,1
이견,1
자신감,1
지나,1
무근,1
반박,1
로미오,1
줄리엣,1
도서관,1
에어컨,1
치열,1
자본,1
외환시장,1
지난,1
진전,1
조직,1
루소,1
일찍이,1
거래소,1
가을로,1
기표,1
뉴스터치,1
네덜란드,1
튤립,1
폐기,1
천지일보,1
얼굴,1
박양우,1
여론,1
인류,1
과제,1
효율,1
환시,1
인접,1
부지역,1
평탄,1
미숙,1
결실,1
레몬,1
됴쿄,1
대사,1
내부,1
전경련,1
친목,1
구설,1
강진군,1
유자,1
자매결연도시,1
위문,1
지난달,1
선호,1
만천원,1
신도,1
고의,1
우즈베키스탄,1
경제지수,1
라임,1
회수,1
빚투,1
몸집,1
감무,1
기력,1
연쇄,1
장전,1
경제지표,1
금복주,1
사투,1
연극,1
동의,1
연금,1
군불,1
예술인,1
명의,1
어학,1
기한,1
구간,1
재화,1
신제품,1
맨발,1
신발,1
하라,1
거제시,1
특판,1
내달,1
장마,1
크롱,1
노동청,1
청소,1
스샷,1
게토레이,1
패치,1
구한,1
적중면,1
회분,1
애로,1
사항,1
청취,1
양산시,1
진압,1
리트윗,1
부랴부랴,1
호실,1
하동,1
잔치,1
함안,1
축협,1
경매,1
밀착,1
창녕,1
구입,1
삼바,1
거창군,1
올킬,1
산청,1
바이,1
라스,1
남해,1
고현면,1
장단,1
생태계,1
유감,1
고교생,1
복송,1
미샤,1
훈풍,1
기범,1
구속,1
돌파구,1
총알,1
배송,1
수집,1
과중,1
양상,1
급변,1
루피,1
뭐길,1
파이,1
낸셜,1
파마,1
펀딩,1
급량,1
사이,1
발발,1
도쿄,1
등세,1
고영,1
내셔널,1
예외,1
예천읍,1
주점,1
미용실,1
절친,1
오지,1
직스,1
하이트진로,1
통계,1
스웨덴,1
보노,1
성남시,1
도서,1
원대,1
제천시,1
비운,1
상자,1
로이터,1
통신,1
제품,1
산다,1
김보성,1
의리,1
평양,1
종합병원,1
완공,1
블랙홀,1
재탕,1
포퓰리즘,1
앤드루,1
대우건설,1
쓴맛,1
소프트뱅크,1
연간,1
전역,1
당신,1
서재,1
예견,1
소설,1
어둠,1
무장,1
구인,1
난만,1
위월,1
빈스,1
마흔,1
도요타,1
지형,1
하이,1
로우지,1
지누,1
적중,1
기적,1
아유,1
신혼,1
본토,1
나이스,1
측근,1
비리,1
춘계,1
총회,1
김준성,1
영광,1
오일장,1
기업은행,1
공고,1
방구,1
중계,1
심포니,1
유망,1
한양,1
아침마당,1
캡처,1
보태,1
우리은행,1
조선업,1
중고,1
시름,1
그림자,1
영천시,1
개월차,1
설계,1
자영,1
초토화,1
붕괴,1
중미,1
월드컵,1
예선,1
업황,1
콜밴,1
후방,1
업로드,1
연통,1
밀봉,1
고수,1
메르세데스벤츠,1
데릭,1
지터,1
화승,1
엔터프라이즈,1
눈높이,1
기능,1
군별,1
자정,1
울릉군,1
승강기,1
가요,1
인터파크,1
미미,1
법률,1
쓸모,1
이종,1
입학,1
수기,1
맞이,1
폐쇄됐던,1
석촌호수,1
방해,1
인파,1
다우지수,1
수일,1
새우,1
스타벅스,1
아기,1
탄생,1
권익위,1
여건,1
제일기획,1
편승,1
진영,1
김연아,1
퍼거슨,1
전체주의,1
부가세,1
납부,1
장바구니,1
년반,1
제정,1
납세의무,1
지방세,1
리츠,1
운용,1
개점,1
진도군,1
젠텍,1
보성군,1
저런,1
위주,1
뒷다리,1
비축,1
스낵,1
대한항공,1
소대,1
곳곳,1
토픽,1
일해,1
녹십자,1
엠에스,1
앤티가,1
닷새,1
나주시,1
문평면,1
반짝,1
외형,1
체코,1
경제성장률,1
손보,1
태블릿,1
주바,1
이오니아,1
개코,1
로나,1
관람,1
특별판,1
교육활동,1
백화점,1
마트,1
미소,1
농진청,1
감자,1
요건,1
제도,1
위촉,1
경쟁심,1
요리,1
식물,1
김덕홍,1
조천읍,1
김정심,1
운전,1
사회사업,1
비누,1
지슬,1
선전,1
등락,1
자동,1
배구,1
방긋,1
입증,1
수자원공사,1
컴퓨터,1
기증,1
필로,1
칠곡군,1
만성,1
실태,1
선원,1
여러,1
송인범,1
닥터,1
메종,1
금정구,1
성품,1
외환위기,1
빈민가,1
헌신,1
제호,1
기여,1
범우,1
통역,1
칠레,1
초기,1
화산섬,1
용암동굴,1
케이,1
인건비,1
박지성,1
김민지,1
칩거,1
머리,1
이발,1
첩첩산중,1
실패,1
천억원,1
전북대,1
동반,1
포카리,1
폭락,1
반기,1
성의,1
날씨,1
뜻밖,1
맑은,1
요동,1
관전,1
신도시,1
주선,1
대위,1
금융투자,1
패널,1
모니터,1
하량,1
백화,1
아세아,1
무작정,1
선제,1
비츠로,1
맥심,1
진출,1
유한양행,1
대치,1
단신,1
영농,1
합법,1
불어,1
특단,1
아비,1
히트,1
훌쩍,1
전문대,1
원서,1
선지,1
문의,1
잔뜩,1
물어,1
보살,1
도시락,1
봉사자,1
역외,1
오세현,1
아산시장,1
자금지원,1
비보,1
존경,1
아사히,1
간판,1
제겐,1
인생,1
변창흠,1
경계,1
디앤,1
씨미디어,1
웹툰,1
동물,1
자유,1
회연,1
육류,1
품귀,1
건축사,1
매칭,1
도구,1
획득,1
경례,1
인베,1
스팅,1
뉴스특보,1
빅브라더,1
자꾸,1
일이,1
관측,1
월마트,1
미용,1
빅데이터,1
강은비,1
남동생,1
청주의료원,1
무사,1
통과,1
합병증,1
경상북도,1
돌격대,1
대거,1
모비스,1
마드리드,1
지하철,1
승객,1
일등,1
공신,1
거취,1
일리노이,1
치사,1
향년,1
비즈니스,1
화웨이,1
사무관,1
승진,1
내정자,1
무풍지대,1
통신사,1
집사,1
등골,1
조선대,1
학년,1
학기,1
교과목,1
불이익,1
기본소득,1
선불카드,1
한도,1
상향,1
점심시간,1
청도,1
말랭이,1
복숭아,1
산딸기,1
루즈벨트,1
예의,1
불사,1
전북,1
침해,1
지표,1
다섯,1
빛고을,1
전남대,1
희림,1
진천군,1
계단,1
페르노리카,1
게시판,1
홈테,1
필수,1
공로,1
한전,1
판사,1
예약,1
예년,1
껄끄러운,1
식량,1
기근,1
박스오피스,1
영화관,1
국립생태원,1
독립영화,1
코너,1
맥그리거,1
오성진,1
김명,1
인테리어,1
혜주,1
디즈니,1
윤화섭,1
노동시장,1
음성군,1
문명,1
신호탄,1
유전자,1
규명,1
월스트리트,1
방호복,1
각양각색,1
약속,1
알바,1
충전,1
이글,1
숲속,1
파월,1
운임,1
자율,1
방범,1
복무,1
리얼,1
달고나,1
시원,1
스쿨,1
김수,1
처인구,1
폭염,1
그늘,1
호랑이,1
선금,1
보령,1
증서,1
임실군,1
남원시,1
자고,1
합참,1
스피어,1
무전,1
검찰,1
송치,1
스쿼드,1
개봉일,1
편집,1
확장,1
제작발표회,1
이영자,1
김숙,1
노홍철,1
열자,1
패닉,1
경유,1
의성,1
릴리,1
동성,1
월영,1
종로구,1
정면,1
위태,1
엎친,1
호조,1
선방,1
계전기,1
유효,1
야식,1
미코,1
가파른,1
빈곤,1
세도,1
해답,1
거나,1
토착화,1
매트릭스,1
연수구,1
실버,1
농장,1
성남,1
명개,1
손정,1
신시내티,1
바우어,1
호명,1
명보,1
거룩,1
한빛,1
성교회,1
주소,1
진교면,1
가평읍,1
한가람,1
정인,1
테니스,1
소장,1
해결,1
좀비,1
버전,1
레지던트,1
이블,1
무기한,1
두려움,1
소방시설,1
위키드,1
화촉,1
김현중,1
계발,1
카지노,1
강원랜드,1
대세,1
컨디션,1
조절,1
주말,1
낚시,1
이태원,1
큰절,1
승연,1
퍼펙트,1
스톰,1
고창군,1
포스터,1
그리기,1
공모전,1
자리,1
랴오닝,1
꿰찼다,1
척추,1
소식통,1
북중,1
콜드,1
브루,1
전문점,1
더치,1
앤빈,1
시진핑,1
과감,1
식기세척기,1
판매량,1
응시,1
미온,1
처우,1
진수도,1
드라이브스루,1
대기,1
번쩍,1
고양,1
시정,1
재난대응,1
이랜드,1
백군기,1
대화,1
전반,1
체제,1
이항,1
논리,1
신용등급,1
용산구,1
당초,1
신청서,1
작성,1
역주행,1
관객,1
홍보단,1
발대식,1
윤시윤,1
대답,1
내외,1
손익,1
분기점,1
손해,1
율손,1
로타리,1
광릉,1
버튼,1
오름,1
흐름,1
광회,1
파장,1
증권사,1
탁금,1
초읽기,1
이사회,1
이커머스,1
청산,1
신길역,1
탈선,1
전체,1
얼룩말,1
사슴,1
오리가,1
활보,1
강력범죄,1
경찰청,1
구슬,1
김포시,1
에볼라,1
덮친격,1
카우보이,1
황량,1
에코,1
주제,1
행보,1
씨티,1
자동화,1
지역별,1
외곽,1
초등학교,1
서산,1
장애인체육,1
이중고,1
똘똘이,1
스머프,1
대니,1
골드,1
뇌졸중,1
서울대,1
의대,1
감기,1
연령,1
대별,1
사한국,1
객관,1
경신,1
특성,1
대국민,1
명상,1
직격,1
탄지,1
일비,1
당대,1
상주시,1
공중보건,1
성군,1
제대,1
국회의원선거,1
되레,1
구타,1
가닥,1
김부,1
상한,1
익산,1
일제,1
신화통신,1
일상생활,1
기술평가원,1
질문,1
해상,1
풍력,1
훈훈,1
그래프,1
허재영,1
도립대,1
바다,1
홍조류,1
김홍,1
정지원,1
원가,1
흥국,1
지자체,1
유흥,1
진번,1
논산시,1
김경수,1
버디,1
보기,1
백태,1
장무,1
과즙,1
카멜리아,1
코러스,1
유성,1
염려,1
명세,1
토요타,1
노숙인,1
안나,1
성도,1
증상,1
약조,1
오리무중,1
내가면,1
유관,1
일보,1
황당,1
국립공원,1
이색,1
발명품,1
손등,1
부적절,1
딘히드,1
록시,1
로퀸,1
홈플러스,1
빅딜,1
데이,1
오류,1
착오,1
우창,1
용문면,1
식용,1
상대,1
일도동,1
편각,1
결코,1
꽃집,1
덩달아,1
디펜스,1
노르웨이,1
자주포,1
테르모,1
혈액,1
룸살롱,1
골든벨,1
곧바로,1
문경시청,1
점촌동,1
식사,1
다른,1
벅스,1
입점,1
아이폰,1
리커창,1
벤처기업,1
지킴,1
산림,1
정원,1
매너,1
원곡동,1
명전,1
아빠,1
민주주의,1
묘지,1
갤럭시,1
정말,1
충주시,1
더쇼,1
재방송,1
월간,1
휴교,1
매일,1
비비,1
료율,1
성질,1
임의,1
대중,1
소농,1
단절,1
산림청,1
걷기,1
동행,1
남아,1
레인보우,1
동해,1
대가,1
옥천,1
이모지,1
바슈,1
흡입,1
코딩,1
고찰,1
영향력,1
유총,1
아카데미,1
막막,1
업데이트,1
울상,1
밀양,1
향토,1
장략,1
덕운,1
유재훈,1
임상준,1
전주시,1
고위,1
경상남도,1
마시모,1
추적,1
무기,1
야구,1
계룡,1
터널,1
선시,1
장병,1
삭제,1
워터,1
보스턴,1
입장권,1
박완주,1
의식,1
감명,1
유해,1
발달심리학,1
부모,1
어기,1
예배,1
목사,1
체포,1
출원,1
분쟁,1
무협,1
분당,1
비지,1
컬러,1
입소,1
숨기,1
강서구,1
천차만별,1
국외,1
애널,1
리스트,1
테크놀로지,1
금은,1
명가,1
풋볼리그,1
백기,1
공지,1
김행,1
좌파,1
천시,1
열흘,1
메이커,1
호재,1
중부대학교,1
신입사원,1
면접,1
중시,1
이니셔티브,1
신용,1
세브란스병원,1
주차장,1
천장,1
오물,1
논점,1
옥석,1
홈스쿨링,1
창업,1
캐나다,1
고온,1
항공기,1
대성,1
천만,1
고공,1
행진,1
오일쇼크,1
성장기,1
회로,1
점년,1
이천선,1
라면,1
중리동,1
복리,1
대기오염,1
배출,1
보도자료,1
뉴질랜드,1
라운드업,1
메르,1
정정,1
원장,1
질주,1
무색,1
널스,1
양적완화,1
하트,1
시그널,1
테라스,1
하우스,1
방영,1
중지,1
재팬,1
대북,1
한정,1
눈독,1
옐리치브론,1
실직자,1
농수산,1
결합,1
최신,1
애니메이션,1
신경,1
리니지,1
흥행,1
지코,1
국정,1
전도사,1
통지,1
수사,1
말레이시아,1
공화당,1
표적,1
지성이면,1
감천,1
사전투표,1
검색,1
담배,1
유예,1
발진,1
신종플루,1
박물관,1
화두,1
개헌,1
상의,1
무더기,1
교습,1
년내,1
홈족,1
미담,1
대덕구,1
알서포트,1
전주,1
덕진구,1
비판,1
잠실구장,1
성형,1
외과,1
스텔스,1
산업부,1
서천군,1
수련,1
중동,1
아메리카,1
임진왜란,1
항바이러스제,1
부딘,1
리커버리,1
라플레,1
이벤트,1
자성,1
맛집,1
코다리,1
프랜차이즈,1
모습,1
엄숙,1
대구광역시,1
규칙,1
무슬림,1
시련,1
폭행,1
후생성,1
술집,1
수혜자,1
능동,1
살해,1
위장,1
초반,1
평소,1
최우,1
열의,1
네버,1
업네버,1
인쭈타누깐,1
자매,1
그린,1
티샷,1
명일,1
성화,1
의석,1
감독,1
가오,1
점원,1
소비자,1
일차,1
발리,1
죄송,1
월내항,1
식중독,1
강상면,1
행안부,1
최우식,1
용문,1
민족,1
명절,1
리자도,1
뉴욕시,1
제프리스,1
초래,1
화장품,1
뱅크,1
뉴저지주,1
연방,1
해해경,1
해양경찰,1
파출소,1
하나님,1
연결,1
정성,1
엄중,1
자인,1
이슬람,1
라마단,1
금식,1
해커,1
분수,1
권장,1
이란,1
브이,1
창궐,1
남원,1
라이온스클럽,1
것첫,1
막살,1
헤르페스,1
화접,1
사활,1
박주석,1
동신대,1
오사카,1
베사,1
사단,1
복합,1
정선군,1
계열,1
라디오,1
박명수,1
세부,1
가톨릭대,1
홈트,1
스캔들,1
직전,1
국무회의,1
자화자찬,1
권력,1
세지,1
글쎄,1
테라,1
퓨틱스,1
상가,1
갖가지,1
모락모락,1
최장수,1
베이징,1
동계올림픽,1
지출,1
샌델,1
사자,1
매점,1
라시,1
노출,1
이원호,1
비롯,1
각광,1
기장군,1
장소,1
무단,1
이탈,1
황교안,1
환경미화원,1
엄마,1
부대,1
해운대,1
백병원,1
채취,1
검역,1
동원,1
엄정,1
우양,1
년치,1
실컷,1
직역,1
온도,1
여지,1
가세,1
프레임,1
자민당,1
중이,1
부금,1
가주,1
양식,1
곤란,1
택시,1
운수,1
제이노블,1
전문직,1
조업,1
일단락,1
에듀,1
대결,1
거대,1
진흙,1
싸움,1
우왕좌왕,1
감동,1
독자,1
투고,1
손해배상,1
의무,1
완주군,1
간부,1
여야,1
최전선,1
원인,1
그랜드,1
장기간,1
승승장구,1
이부진,1
신라,1
브레이크,1
팬덕믹,1
중구,1
근절,1
아픔,1
본선,1
교차,1
금기,1
선단동,1
반값,1
플래시,1
무니,1
조계사,1
전시회,1
개막식,1
남도,1
민회,1
어촌,1
미식축구,1
목포시청,1
축구팀,1
땀방울,1
영덕,1
스탠퍼드대,1
독감,1
시트로엥,1
저력,1
발휘,1
대해,1
아주,1
절망,1
제노,1
분자,1
효소,1
단백질,1
수제,1
교체,1
무산,1
협상,1
허영란,1
성윤,1
통상,1
자원부,1
니스,1
나들이,1
야외,1
승태,1
탐라,1
추월,1
토목,1
전공,1
졸업,1
동문,1
김광현,1
선발,1
불펜,1
일왕,1
승계,1
순위,1
공표,1
코시,1
레이,1
선도,1
역량,1
인증샷,1
권해,1
화훼,1
과로,1
불합격,1
스터디,1
공부,1
수험생,1
특사,1
겨냥,1
단장,1
복원,1
봄맞이,1
전하,1
청사,1
청원경찰,1
천단,1
폭증,1
종료,1
시점,1
특강,1
보험사,1
보험료,1
그것,1
면담,1
다양,1
켤레,1
싱가폴,1
담임,1
울진군,1
시간표,1
고발,1
세비,1
남극,1
승자,1
패자,1
이도동,1
김순,1
채씨,1
눌음,1
모임,1
장방역,1
똑바로,1
고든,1
고전,1
인공,1
호흡기,1
아모레퍼시픽,1
촉매,1
종교,1
소이현,1
인교진,1
구경,1
서초구,1
회생,1
자의,1
사이버,1
등록금,1
형평성,1
무단이탈,1
전건,1
셀프,1
개요,1
저축은행,1
수장,1
아이디어,1
순천,1
목포신항만,1
울주군,1
소마,1
상장,1
밸류,1
잭팟,1
병동,1
파라과이,1
국립병원,1
치히로,1
에반게리온,1
배경,1
스맥,1
그리스,1
